year,weight,neck
06,20.52438868,44.3321694
07,20.00247895,43.84577718
08,19.40455933,43.3922932
09,19.1934209,43.1660046
10,19.13996078,43.15687838
11,19.03129151,43.06568476
12,18.62197416,42.785919
13,18.50557843,42.7543722
14,18.37729864,42.6645324
15,18.11123635,42.4826176
